                  epoch,         train/box_loss,         train/cls_loss,         train/dfl_loss,   metrics/precision(B),      metrics/recall(B),       metrics/mAP50(B),    metrics/mAP50-95(B),           val/box_loss,           val/cls_loss,           val/dfl_loss,                 lr/pg0,                 lr/pg1,                 lr/pg2
                      0,                0.66066,                0.40965,                0.80046,                0.97359,                0.96645,                0.98573,                0.78421,                0.67669,                0.37934,                0.79665,              0.0004065,              0.0004065,              0.0004065
                      1,                0.69755,                0.46584,                 0.7968,                0.96919,                0.93573,                0.98149,                0.76785,                0.68378,                0.40644,                0.79558,             0.00078242,             0.00078242,             0.00078242
                      2,                 0.7056,                0.46269,                 0.8072,                0.94537,                0.96826,                0.98493,                 0.7369,                0.77774,                0.42578,                0.80339,              0.0011171,              0.0011171,              0.0011171
                      3,                0.70507,                0.45682,                0.79425,                0.94357,                 0.9129,                0.97539,                0.77643,                0.68846,                0.44182,                0.79715,              0.0010644,              0.0010644,              0.0010644
